county,county_population,covid_cases_per_100k
Abbeville County,1569728.0,5259.53
Acadia Parish,3970880.0,5497.62
Accomack County,2068224.0,7247.16
Ada County,30821568.0,9262.96
Adair County,4729024.0,29523.92
Adams County,55147288.0,71497.01
Addison County,2353728.0,8820.73
Adjuntas Muni,1111232.0,28756.52
Aguada Muni,2348416.0,19717.1
Aguadilla Muni,3216960.0,20123.36
Aguas Buenas Muni,1588096.0,19174.74
Aibonito Muni,1414912.0,23878.21
Aiken County,10935808.0,6944.98
Aitkin County,1016704.0,5998.9800000000005
Alachua County,17218752.0,8704.2
Alamance County,10848576.0,9417.23
Alameda County,106965056.0,8965.09
Alamosa County,1038912.0,9529.92
Albany County,22040704.0,12310.08
Albemarle County,6997120.0,9770.36
Alcona County,665920.0,3056.12
Alcorn County,2364992.0,7826.17
Aleutians East Borough,213568.0,8750.4
Aleutians West CA,236628.0,2804.4300000000003
Aleutians West Census Area,123948.0,2946.41
Alexander County,2768512.0,12744.67
Alexandria City,10203392.0,10422.87
Alfalfa County,364928.0,3665.46
Alger County,582912.0,5544.62
Allamakee County,875968.0,5187.38
Allegan County,7557184.0,4988.96
Allegany County,7456448.0,12519.75
Alleghany County,1663808.0,17581.36
Allegheny County,77826880.0,6998.95
Allen County,32981376.0,30136.81
Allen Parish,1640128.0,5423.95
Allendale County,556032.0,4350.78
Alpena County,1817920.0,4837.16
Alpine County,72256.0,1771.45
Amador County,2544128.0,7275.11
Amelia County,841280.0,8170.37
American Samoa,1907837.0,16061.76
Amherst County,2022720.0,9631.369999999999
Amite County,787008.0,5456.6
Anchorage Municipality,6336000.0,5175.7
Anchorage Muny,12096000.0,3304.5299999999997
Anderson County,23544064.0,32935.73
Andrew County,1133568.0,6108.86
Andrews County,1197120.0,7142.5
Androscoggin County,6929728.0,7761.57
Angelina County,5549760.0,2268.32
Anne Arundel County,37070976.0,5814.25
Anoka County,22842944.0,6610.72
Anson County,1564544.0,8704.89
Antelope County,403072.0,5541.47
Antrim County,1492736.0,4844.75
Apache County,4600768.0,22845.59
Appanoose County,795264.0,5037.84
Appling County,1176704.0,3606.0
Appomattox County,1018304.0,9446.19
Aransas County,1504640.0,7056.57
Arapahoe County,42021760.0,6347.79
Archer County,547392.0,6828.01
Archuleta County,897856.0,4939.75
Arecibo Muni,5245824.0,22913.09
Arenac County,952512.0,5637.3
Arkansas County,1119104.0,8332.41
Arlington County,15157888.0,11664.31
Armstrong County,4263808.0,16406.9
Aroostook County,4291520.0,13193.68
Arroyo Muni,1103232.0,24074.69
Arthur County,29632.0,1295.9
Ascension Parish,8102656.0,8963.37
Ashe County,1740992.0,6859.51
Ashland County,4418944.0,12812.93
Ashley County,1258048.0,6486.28
Ashtabula County,6223424.0,7247.95
Asotin County,1445248.0,5911.76
Assumption Parish,1401024.0,5997.9
Atascosa County,3273792.0,5538.29
Atchison County,1325678.0,14537.45
Athens County,4180928.0,9434.05
Atkinson County,522560.0,5670.51
Atlantic County,16874880.0,9576.33
Atoka County,880512.0,7624.68
Attala County,1163136.0,8556.18
Audrain County,482372.0,894.12
Audubon County,351744.0,6022.6900000000005
Auglaize County,2921984.0,6548.95
Augusta County,4835712.0,9313.35
Aurora County,176064.0,5343.46
Austin County,1922048.0,5467.54
Autauga County,3575616.0,8163.78
Avery County,1123648.0,7734.79
Avoyelles Parish,2569216.0,7682.38
Añasco Muni,1674304.0,20094.8
Baca County,229184.0,6115.72
Bacon County,714496.0,7613.7
Bailey County,448000.0,5914.33
Baker County,3095808.0,16287.67
Baldwin County,17159936.0,11183.67
Ballard County,504832.0,3942.63
Baltimore City,37983360.0,6971.12
Baltimore County,52951680.0,5349.25
Bamberg County,900224.0,6298.9
Bandera County,1479168.0,3738.31
Banks County,1211742.0,4195.7
Banner County,47680.0,3355.72
Bannock County,5619712.0,4832.13
Baraga County,525376.0,7966.88
Barber County,283328.0,4721.0199999999995
Barbour County,2632128.0,17812.56
Barceloneta Muni,1518528.0,20036.26
Barnes County,666560.0,8142.1
Barnstable County,13631360.0,7559.98
Barnwell County,1335424.0,5060.81
Barranquitas Muni,1774400.0,20043.28
Barren County,2831936.0,8090.62
Barron County,2895616.0,6714.68
Barrow County,5327360.0,5336.37
Barry County,6229696.0,9390.63
Bartholomew County,5361856.0,6986.26
Barton County,2402112.0,10892.97
Bartow County,6895232.0,6629.97
Bastrop County,5678272.0,6868.5599999999995
Bates County,1035008.0,4996.33
Bath County,1065408.0,19938.73
Baxter County,2683648.0,5504.16
Bay County,17781184.0,11261.31
Bayamón Muni,10833216.0,21842.76
Bayfield County,962304.0,8479.63
Baylor County,224576.0,3932.78
Beadle County,1180992.0,6232.09
Bear Lake County,392000.0,4408.23
Beaufort County,15303424.0,15015.4
Beauregard Parish,2399808.0,5597.8
Beaver County,11260800.0,14105.0
Beaverhead County,604992.0,4421.89
Becker County,2203072.0,6391.17
Beckham County,1377117.0,7182.38
Bedford County,11302272.0,20004.82
Bee County,2084160.0,6218.33
Belknap County,3923392.0,7789.18
Bell County,24893184.0,13895.9
Belmont County,4288384.0,6026.31
Beltrami County,3020032.0,7328.1
Ben Hill County,1068800.0,4479.05
Benewah County,595072.0,9647.34
Bennett County,215360.0,5527.51
Bennington County,2270080.0,11003.65
Benson County,437248.0,5796.3
Bent County,356928.0,8588.84
Benton County,44526592.0,62407.52
Benzie County,1137024.0,4660.55
Bergen County,59660928.0,12135.02
Berkeley County,22212992.0,15591.15
Berks County,26954496.0,6335.53
Berkshire County,7996416.0,10926.51
Bernalillo County,43463744.0,8494.23
Berrien County,11059072.0,10792.77
Bertie County,1212608.0,6819.08
Bethel CA,772212.0,12819.55
Bethel Census Area,404492.0,11541.41
Bexar County,128227456.0,8334.05
Bibb County,11235392.0,14197.97
Bienville Parish,847424.0,8677.57
Big Horn County,1606976.0,14231.14
Big Stone County,319424.0,9076.34
Billings County,59392.0,3448.2999999999997
Bingham County,2995904.0,3580.36
Black Hawk County,8398592.0,5344.12
Blackford County,752512.0,5859.8
Bladen County,2094208.0,9110.07
Blaine County,2534144.0,30778.1
Blair County,7797056.0,5236.03
Blanco County,763584.0,6587.91
Bland County,401920.0,12213.380000000001
Bleckley County,823872.0,5127.01
Bledsoe County,964096.0,6027.69
Blount County,12218496.0,16643.87
Blue Earth County,4329792.0,6534.8
Boise County,501184.0,4086.37
Bolivar County,1960192.0,7816.29
Bollinger County,776512.0,7310.63
Bon Homme County,441664.0,5013.7
Bond County,1051264.0,6447.14
Bonner County,2927296.0,4578.17
Bonneville County,7619968.0,4554.77
Boone County,33647744.0,51758.58
Borden County,41856.0,4740.14
Bosque County,1195840.0,5143.17
Bossier Parish,8130496.0,11764.11
Botetourt County,2138816.0,9763.91
Bottineau County,402048.0,5475.99
Boulder County,20876544.0,7854.49
Boundary County,783680.0,3740.3
Bourbon County,2196608.0,16850.24
Bowie County,5967680.0,6350.9800000000005
Bowman County,190512.0,3935.27
Box Butte County,690112.0,5082.08
Box Elder County,3586944.0,3814.71
Boyd County,3112768.0,18727.49
Boyle County,1923840.0,7235.47
Bracken County,531392.0,5058.41
Bradford County,5665536.0,17087.45
Bradley County,7607872.0,12754.07
Branch County,2785088.0,5804.63
Brantley County,1222976.0,4034.79
Braxton County,893248.0,10274.4
Brazoria County,23952896.0,6884.15
Brazos County,14669504.0,7127.97
Breathitt County,808320.0,12707.87
Breckinridge County,1310528.0,6377.89
Bremer County,1603968.0,4057.83
Brevard County,38524288.0,7390.73
Brewster County,588992.0,3640.11
Briscoe County,98944.0,9702.470000000001
Bristol Bay Borough,53504.0,18467.31
Bristol City,1072768.0,12558.15
Bristol County,39276544.0,16138.15
Broadwater County,399168.0,5531.4800000000005
Bronx County,90765248.0,10796.06
Brooke County,1404096.0,7251.93
Brookings County,2244928.0,4450.24
Brooks County,1443200.0,12278.27
Broome County,12191232.0,8491.33
Broomfield County,4509760.0,6599.0199999999995
Broward County,124977792.0,9205.13
Brown County,28407936.0,63693.68
Brule County,339008.0,5606.96
Brunswick County,10179264.0,15691.83
Bryan County,5607808.0,14971.9
Buchanan County,8290752.0,24759.98
Buckingham County,1097472.0,7592.74
Bucks County,40209280.0,5810.21
Buena Vista City,414592.0,9092.27
Buena Vista County,1255680.0,3267.04
Buffalo County,4137728.0,17816.48
Bullitt County,5227264.0,6855.099999999999
Bulloch County,5094912.0,3675.51
Bullock County,646464.0,7801.2
Buncombe County,16716224.0,8131.62
Bureau County,2088192.0,7012.36
Burke County,7358912.0,16953.46
Burleigh County,6120064.0,7777.19
Burleson County,1180352.0,6924.0
Burlington County,28502336.0,9631.32
Burnet County,3081920.0,6495.72
Burnett County,986496.0,8466.34
Burt County,413376.0,5465.2
Butler County,47050112.0,53722.64
Butte County,14861568.0,15323.32
Butts County,1595904.0,5321.56
Cabarrus County,13852992.0,8109.83
Cabell County,5884480.0,8580.19
Cabo Rojo Muni,3040960.0,21092.28
Cache County,8210496.0,3938.71
Caddo County,1840768.0,7829.8
Caddo Parish,15373056.0,9538.51
Caguas Muni,7974784.0,20194.04
Calaveras County,2937920.0,4975.5
Calcasieu Parish,13019904.0,7294.67
Caldwell County,9446976.0,33649.01
Caldwell Parish,634752.0,15073.630000000001
Caledonia County,1919552.0,7225.0
Calhoun County,22077888.0,79620.12
Callahan County,892352.0,5680.22
Callaway County,2863552.0,6181.83
Calloway County,2496064.0,6469.070000000001
Calumet County,3205696.0,5410.41
Calvert County,5921600.0,4392.29
Camas County,70784.0,4340.03
Cambria County,8332288.0,7718.56
Camden County,39571776.0,23923.87
Cameron County,27367040.0,15327.97
Cameron Parish,446272.0,2939.88
Camp County,838016.0,6903.93
Campbell County,15105792.0,39266.23
Camuy Muni,1952256.0,24491.87
Canadian County,9491584.0,7148.7
Candler County,691392.0,5405.91
Cannon County,939392.0,7923.46
Canyon County,14710336.0,5799.88
Canóvanas Muni,2859136.0,16318.21
Cape Girardeau County,5047744.0,6917.63
Cape May County,5890496.0,9989.22
Carbon County,7050880.0,20822.92
Caribou County,457920.0,2921.0299999999997
Carlisle County,304640.0,5294.18
Carlton County,2295744.0,8589.12
Carolina Muni,9406976.0,17953.03
Caroline County,4104384.0,12561.75
Carroll County,34187840.0,81609.22
Carson City,3578624.0,5871.31
Carson County,379264.0,5247.95
Carter County,8866112.0,44956.74
Carteret County,4446272.0,7847.67
Carver County,6725696.0,6031.11
Cascade County,5207424.0,8891.94
Casey County,1034176.0,8156.47
Cass County,30675266.0,58442.13
Cassia County,1537920.0,4556.8
Castro County,481920.0,7861.81
Caswell County,1446656.0,6622.7300000000005
Catahoula Parish,607616.0,5350.71
Catawba County,10211264.0,8859.89
Cataño Muni,1479744.0,16180.11
Catoosa County,4325120.0,4658.18
Catron County,225728.0,3912.65
Cattaraugus County,4871488.0,6065.67
Cavalier County,240768.0,5449.17
Cayey Muni,2714176.0,22733.4
Cayuga County,4900864.0,7045.2699999999995
Cecil County,6582720.0,5445.51
Cedar County,2648192.0,19911.9
Ceiba Muni,697856.0,19075.58
Centre County,10392640.0,6333.7
Cerro Gordo County,2716800.0,4621.89
Chaffee County,1302784.0,4779.96
Chambers County,4933824.0,14220.5
Champaign County,15908736.0,18022.5
Chariton County,475264.0,5440.34
Charles City County,445632.0,8703.07
Charles County,10448448.0,7170.3099999999995
Charles Mix County,594688.0,9793.369999999999
Charleston County,26329984.0,6989.97
Charlevoix County,1673152.0,4322.43
Charlotte County,12850560.0,17767.43
Charlottesville City,3025024.0,8513.51
Charlton County,857088.0,5144.84
Chase County,420608.0,9875.9
Chatham County,23289600.0,14330.07
Chattahoochee County,698048.0,10827.93
Chattooga County,1586496.0,4816.64
Chautauqua County,8329792.0,11128.78
Chaves County,4135360.0,5675.16
Cheatham County,2602688.0,6351.57
Cheboygan County,1617664.0,5392.48
Chelan County,4940800.0,5835.5
Chemung County,5341184.0,7563.23
Chenango County,3021248.0,6424.81
Cherokee County,32214912.0,50705.13
Cherry County,364096.0,2179.68
Chesapeake City,15669440.0,6606.91
Cheshire County,4869440.0,7220.87
Chester County,36769920.0,23597.11
Chesterfield County,25500928.0,16412.21
Cheyenne County,857472.0,14378.19
Chickasaw County,1858304.0,15044.7
Chicot County,647552.0,3982.99
Childress County,467584.0,9430.6
Chilton County,2843392.0,6061.46
Chippewa County,7283648.0,19518.51
Chisago County,3621056.0,5634.59
Chittenden County,10481536.0,8939.2
Choctaw County,2270144.0,19686.39
Chouteau County,360640.0,7542.150000000001
Chowan County,892352.0,8620.81
Christian County,12247040.0,21707.27
Churchill County,1594176.0,5299.26
Ciales Muni,1011712.0,19654.64
Cibola County,1707200.0,11062.8
Cidra Muni,2451648.0,24280.16
Cimarron County,136768.0,8797.33
Citrus County,9578048.0,6924.46
Clackamas County,26763968.0,6481.8
Claiborne County,2620608.0,13407.4
Claiborne Parish,971540.0,5973.16
Clallam County,4949184.0,6336.42
Clare County,1980800.0,5802.9
Clarendon County,2159680.0,6629.14
Clarion County,2460032.0,5039.33
Clark County,200275110.0,78559.39
Clarke County,12256512.0,30497.63
Clatsop County,2574336.0,4994.5
Clay County,46386176.0,117847.01
Clayton County,19827520.0,9182.59
Clear Creek County,620800.0,3350.56
Clearfield County,5072320.0,7528.84
Clearwater County,1124736.0,11837.73
Cleburne County,2549056.0,13655.25
Clermont County,13211392.0,7583.3
Cleveland County,24954688.0,22267.07
Clinch County,423552.0,7192.48
Clinton County,24811200.0,65517.23
Cloud County,562304.0,5690.860000000001
Coahoma County,1415936.0,7860.28
Coal County,351680.0,9790.78
Coamo Muni,2453504.0,20735.07
Cobb County,48649024.0,6536.14
Cochise County,8059008.0,7283.06
Cochran County,182592.0,7080.21
Cocke County,2304256.0,11293.16
Coconino County,9182464.0,7710.6900000000005
Codington County,1792576.0,9022.1
Coffee County,9736640.0,20614.15
Coffey County,523456.0,5685.35
Coke County,216768.0,8621.15
Colbert County,3535424.0,10215.21
Cole County,4911680.0,6072.04
Coleman County,523200.0,6568.76
Coles County,3239744.0,8113.2
Colfax County,1449600.0,9087.13
Colleton County,2411328.0,7314.79
Collier County,24633728.0,6176.89
Collin County,66222720.0,7523.61
Collingsworth County,186880.0,9109.62
Colonial Heights City,1111680.0,10115.15
Colorado County,1375552.0,4876.01
Colquitt County,2918400.0,4984.59
Columbia County,31369792.0,53008.05
Columbiana County,6520512.0,5899.93
Columbus County,3552512.0,6611.67
Colusa County,1379008.0,4627.12
Comal County,9997376.0,7874.73
Comanche County,8709376.0,21495.33
Comerío Muni,1193472.0,18961.88
Commonwealth of the Northern Mariana Islands,859844.0,5216.88
Concho County,174464.0,14563.5
Concordia Parish,1232576.0,8375.289999999999
Conecuh County,772288.0,6952.83
Conejos County,525120.0,7263.89
Contra Costa County,73825664.0,9047.34
Converse County,884608.0,4369.75
Conway County,1334144.0,6245.82
Cook County,331069824.0,19418.82
Cooke County,2640448.0,3810.29
Cooper County,1133376.0,4127.84
Coos County,6147200.0,13656.01
Coosa County,682432.0,8721.77
Copiah County,1796160.0,7479.07
Corozal Muni,2066752.0,21113.01
Corson County,261504.0,4160.51
Cortland County,3045184.0,7418.95
Coryell County,4860864.0,5874.86
Coshocton County,2342400.0,6382.51
Costilla County,248768.0,7383.570000000001
Cottle County,89472.0,8655.16
Cotton County,362624.0,5983.1
Cottonwood County,716544.0,6305.81
Covington City,354432.0,17298.69
Covington County,3563840.0,15993.89
Coweta County,9504576.0,5998.27
Cowley County,2234112.0,7333.49
Cowlitz County,7077952.0,5076.28
Craig County,1233472.0,17917.24
Craighead County,7061248.0,10375.92
Crane County,307008.0,6545.74
Craven County,6536896.0,8790.0
Crawford County,21807744.0,72128.31
Creek County,4577408.0,7387.96
Crenshaw County,881408.0,7348.23
Crisp County,1431808.0,4510.150000000001
Crittenden County,3632704.0,15133.39
Crockett County,1132416.0,25254.45
Crook County,2047232.0,12242.62
Crosby County,367168.0,8924.48
Cross County,1050816.0,6851.84
Crow Wing County,4163520.0,6240.9
Crowley County,387904.0,4553.72
Culberson County,138944.0,2349.14
Culebra Muni,109696.0,22287.05
Cullman County,5361152.0,9084.64
Culpeper County,3366720.0,6769.34
Cumberland County,71759424.0,62428.33
Cuming County,566144.0,3843.48
Currituck County,1776832.0,5907.13
Curry County,4600256.0,13364.23
Custer County,4450368.0,32151.43
Cuyahoga County,79044608.0,7338.99
Dade County,1515328.0,11681.34
Daggett County,60800.0,1894.71
Dakota County,28739008.0,15948.03
Dale County,3147008.0,8889.22
Dallam County,466368.0,5050.08
Dallas County,178563328.0,29584.62
Dane County,34988480.0,11252.74
Daniels County,108160.0,6686.3099999999995
Danville City,2562816.0,11367.51
Dare County,2368576.0,7306.32
Darke County,3271232.0,5832.1900000000005
Darlington County,4263552.0,5473.0199999999995
Dauphin County,17811136.0,5413.59
Davidson County,55152192.0,15612.81
Davie County,2742144.0,9475.83
Daviess County,9160960.0,17328.71
Davis County,23326784.0,8709.53
Davison County,1265600.0,6973.44
Dawes County,549696.0,3190.14
Dawson County,4520708.0,24443.86
Day County,347136.0,5309.75
De Baca County,111872.0,12299.8
De Soto Parish,1757632.0,9427.27
De Witt County,1000832.0,6234.7699999999995
DeKalb County,64782016.0,40522.58
DeSoto County,14268544.0,12000.7
DeWitt County,1290240.0,4717.24
Deaf Smith County,1186944.0,8341.42
Dearborn County,3165312.0,6114.23
Decatur County,4820672.0,35393.98
Deer Lodge County,584960.0,10831.48
Defiance County,2437568.0,6414.21
Del Norte County,1779968.0,10502.67
Delaware County,63629696.0,38257.34
Delta County,4625728.0,17684.58
Denali Borough,134208.0,7868.4
Dent County,996672.0,5278.400000000001
Denton County,56781248.0,5829.87
Denver County,46541504.0,7067.11
Des Moines County,2493888.0,6192.43
Deschutes County,12652288.0,9085.82
Desha County,727104.0,6073.35
Deuel County,393280.0,9478.25
Dewey County,690112.0,23099.99
Dickens County,141504.0,4884.71
Dickenson County,916352.0,12753.18
Dickey County,311808.0,7635.5
Dickinson County,3901632.0,19307.05
Dickson County,3452672.0,9073.54
Dillingham CA,206472.0,6265.26
Dillingham Census Area,108152.0,10598.05
Dillon County,1950656.0,7014.67
Dimmit County,647936.0,6311.8
Dinwiddie County,1826816.0,8730.34
District of Columbia,45167936.0,6146.95
Divide County,144896.0,7023.03
Dixie County,1076864.0,5782.72
Dixon County,360704.0,6582.64
Doddridge County,540672.0,5539.75
Dodge County,10620352.0,25052.72
Dolores County,131520.0,3357.63
Doniphan County,486400.0,6039.4800000000005
Donley County,209792.0,10463.73
Dooly County,856960.0,3868.56
Door County,1770752.0,7318.92
Dorado Muni,2313024.0,18416.77
Dorchester County,12463232.0,16217.44
Dougherty County,5629184.0,6124.64
Douglas County,96720576.0,78648.72
Doña Ana County,13964480.0,7348.91
Drew County,1166016.0,6010.26
DuPage County,59066944.0,9671.23
Dubois County,2735104.0,5543.42
Dubuque County,6227904.0,5894.49
Duchesne County,1276032.0,4218.09
Dukes County,1109248.0,5954.37
Dundy County,108352.0,5965.78
Dunklin County,1864384.0,9968.75
Dunn County,3186688.0,10357.41
Duplin County,3759424.0,8246.37
Durham County,20575232.0,10389.789999999999
Dutchess County,18829952.0,7891.1
Duval County,62010368.0,17544.43
Dyer County,2378176.0,9518.57
Eagle County,3528128.0,4493.3
Early County,652160.0,4455.31
East Baton Rouge Parish,28163776.0,8281.88
East Carroll Parish,439104.0,13175.97
East Feliciana Parish,1224640.0,6145.78
Eastland County,1175040.0,3954.33
Eaton County,7057152.0,8754.1
Eau Claire County,6697344.0,7158.42
Echols County,256384.0,3469.86
Ector County,10638272.0,4717.74
Eddy County,3887808.0,11327.15
Edgar County,1098304.0,9719.71
Edgecombe County,3294208.0,8422.07
Edgefield County,1744640.0,6837.87
Edmonson County,777600.0,4880.58
Edmunds County,245056.0,4126.42
Edwards County,712000.0,18235.69
Effingham County,6291456.0,12924.94
El Dorado County,12341952.0,5429.8
El Paso County,99817024.0,13604.58
Elbert County,2919878.0,8124.89
Elk County,2076160.0,11528.039999999999
Elkhart County,13205824.0,3838.7799999999997
Elko County,3377792.0,2944.39
Elliott County,481088.0,13143.53
Ellis County,13903232.0,18279.11
Ellsworth County,390528.0,7964.63
Elmore County,6958080.0,20428.15
Emanuel County,1449344.0,4442.25
Emery County,640768.0,4744.32
Emmet County,2727872.0,8459.16
Emmons County,207424.0,3887.61
Emporia City,342144.0,11522.63
Erath County,2732672.0,3962.7
Erie County,80812544.0,21929.28
Escambia County,22716736.0,12759.789999999999
Esmeralda County,55872.0,4696.47
Essex County,105088640.0,37282.63
Estill County,902784.0,7344.42
Etowah County,6545152.0,5813.15
Eureka County,129856.0,1922.19
Evangeline Parish,2137280.0,6351.22
Evans County,681856.0,5913.34
Fairbanks North Star Borough,6198336.0,6680.51
Fairfax City,1537216.0,3572.14
Fairfax County,73442048.0,8064.45
Fairfield County,71888192.0,21064.63
Fajardo Muni,1885056.0,19674.77
Fall River County,429632.0,11112.78
Fallon County,182144.0,4497.56
Falls Church City,935488.0,11411.38
Falls County,1107008.0,4740.7
Fannin County,3948928.0,7350.21
Faribault County,873792.0,6386.92
Faulk County,147136.0,7481.530000000001
Faulkner County,8064448.0,7046.41
Fauquier County,4558208.0,5769.29
Fayette County,50217408.0,82415.37
Fentress County,1185472.0,8708.08
Fergus County,707200.0,5791.94
Ferry County,488128.0,6516.31
Fillmore County,1697856.0,12177.91
Finney County,2333888.0,5668.13
Fisher County,245120.0,3707.62
Flagler County,7365184.0,6201.7
Flathead County,6643584.0,7508.23
Fleming County,933184.0,6954.24
Florence County,9125632.0,13863.13
Florida Muni,724288.0,24768.07
Floyd County,15945979.0,46451.02
Fluvanna County,1745280.0,7928.12
Foard County,73920.0,4935.06
Fond du Lac County,6617792.0,8161.31
Ford County,2981120.0,15144.93
Forest County,1040064.0,13495.13
Forrest County,4793408.0,7399.48
Forsyth County,40099008.0,14761.2
Fort Bend County,51948032.0,9192.96
Foster County,205440.0,6729.0
Fountain County,1046144.0,7225.01
Franklin City,509888.0,5384.69
Franklin County,147608704.0,154173.5
Franklin Parish,1280960.0,8748.48
Frederick County,22327040.0,13371.94
Fredericksburg City,1858304.0,7370.13
Freeborn County,1937984.0,6185.37
Freestone County,1261888.0,2647.48
Fremont County,6858176.0,25898.24
Fresno County,63942464.0,8925.92
Frio County,1299584.0,6392.22
Frontier County,168128.0,4377.67
Fulton County,79791104.0,50402.840000000004
Furnas County,299264.0,6437.1
Gadsden County,2922240.0,9899.25
Gage County,1376832.0,6177.71
Gaines County,1375488.0,2949.9500000000003
Galax City,406208.0,17378.27
Gallatin County,8085950.0,23804.31
Gallatin County and Yellowstone National Park,114434.0,270.9
Gallia County,1913472.0,11214.78
Galveston County,21896896.0,7842.69
Garden County,117568.0,7457.85
Garfield County,8423680.0,29302.26
Garland County,6360704.0,4860.86
Garrard County,1130624.0,6413.43
Garrett County,1856896.0,6614.08
Garvin County,1773504.0,6946.7
Garza County,398656.0,5105.15
Gasconade County,941184.0,6031.6
Gaston County,14369856.0,8012.78
Gates County,739968.0,5751.63
Geary County,2026880.0,7893.91
Geauga County,5993536.0,5305.97
Gem County,1159168.0,4444.49
Genesee County,29637952.0,12804.34
Geneva County,1681344.0,7163.75
Gentry County,420544.0,9207.17
George County,1568000.0,6575.47
Georgetown County,4011520.0,6667.16
Gibson County,5298688.0,19452.03
Gila County,3457152.0,9189.53
Gilchrist County,1189248.0,6683.89
Giles County,2955776.0,17433.5
Gillespie County,1727232.0,4361.2
Gilliam County,122368.0,3085.7599999999998
Gilmer County,2508288.0,12149.56
Gilpin County,399552.0,3043.44
Glacier County,880192.0,9554.25
Glades County,883904.0,2606.55
Gladwin County,1628736.0,5548.29
Glascock County,190144.0,4274.7
Glasscock County,90176.0,2767.88
Glenn County,1817152.0,5187.93
Gloucester County,21054976.0,15081.92
Glynn County,5458688.0,5825.86
Gogebic County,894400.0,8844.4
Golden Valley County,165248.0,6485.21
Goliad County,490112.0,5588.92
Gonzales County,1333568.0,3666.57
Goochland County,1520192.0,8681.02
Goodhue County,2965760.0,6655.14
Gooding County,971456.0,7938.62
Gordon County,3709632.0,7867.08
Goshen County,845504.0,8538.36
Gosper County,127360.0,5577.86
Gove County,168704.0,7245.87
Grady County,5125255.0,11960.99
Grafton County,5752704.0,8056.85
Graham County,3184640.0,24416.329999999998
Grainger County,1492480.0,7512.81
Grand County,1631232.0,7256.61
Grand Forks County,4444864.0,8198.63
Grand Isle County,463040.0,5984.82
Grand Traverse County,5957632.0,5458.28
Granite County,216256.0,4853.43
Grant County,21190819.0,101860.27
Grant Parish,1432896.0,8142.39
Granville County,3868352.0,9413.82
Gratiot County,2605504.0,7059.52
Graves County,2385024.0,4977.73
Gray County,1783936.0,9050.11
Grays Harbor County,4803904.0,6152.29
Grayson County,11404096.0,23349.59
Greeley County,229632.0,9365.44
Green County,3065664.0,18417.61
Green Lake County,1210432.0,7814.74
Greenbrier County,2218368.0,12192.12
Greene County,50849664.0,94771.46
Greenlee County,607872.0,6738.28
Greensville County,725504.0,7392.34
Greenup County,2246272.0,11741.38
Greenville County,33506688.0,6999.43
Greenwood County,4914752.0,14506.27
Greer County,365568.0,6162.51
Gregg County,7932480.0,3645.96
Gregory County,267840.0,4324.85
Grenada County,1328512.0,4605.46
Griggs County,142784.0,6095.92
Grimes County,1848320.0,6578.94
Grundy County,5540032.0,28525.5
Guadalupe County,10953408.0,14083.91
Guam,8981489.0,9915.77
Guayama Muni,2525760.0,20777.94
Guayanilla Muni,1127872.0,23963.01
Guaynabo Muni,5358592.0,20226.21
Guernsey County,2488000.0,9041.81
Guilford County,34379136.0,8462.99
Gulf County,872896.0,5872.83
Gunnison County,1117568.0,3865.55
Gurabo Muni,3013952.0,17607.73
Guthrie County,684096.0,4406.43
Guánica Muni,984512.0,17506.36
Gwinnett County,59920000.0,5811.04
Haakon County,121536.0,4897.38
Habersham County,2855664.0,4125.51
Haines Borough,161920.0,11541.58
Hale County,3075648.0,14598.32
Halifax County,5370944.0,19255.05
Hall County,16996071.0,24812.13
Hamblen County,4155776.0,8651.77
Hamilton County,101462080.0,56738.24
Hamlin County,394496.0,5678.15
Hampden County,29847808.0,9107.76
Hampshire County,11776320.0,16255.550000000001
Hampton City,8608640.0,9046.91
Hampton County,1230208.0,5795.41
Hancock County,21565672.0,67001.75
Hand County,204224.0,4105.32
Hanover County,6897024.0,7801.15
Hansford County,345536.0,8872.01
Hanson County,220992.0,3011.84
Haralson County,1906688.0,3272.7200000000003
Hardee County,1723968.0,6808.46
Hardeman County,1854912.0,11906.86
Hardin County,15733964.0,47093.79
Harding County,121774.0,6494.89
Hardy County,881664.0,12383.85
Harford County,16348224.0,5188.24
Harlan County,1880960.0,14771.16
Harmon County,169792.0,15755.710000000001
Harnett County,8702464.0,8223.51
Harney County,473152.0,5951.62
Harper County,583936.0,9577.23
Harris County,303907904.0,9635.55
Harrison County,26814277.0,54258.3
Harrisonburg City,3393024.0,6141.56
Hart County,2895360.0,9766.47
Hartford County,57070080.0,6729.21
Hartley County,356864.0,3515.0499999999997
Harvey County,2203456.0,7711.49
Haskell County,1424192.0,15248.27
Hatillo Muni,2509952.0,19457.94
Hawaii County,12896832.0,8403.4
Hawkins County,3634304.0,10312.39
Hayes County,59008.0,5206.08
Hays County,14732224.0,8949.1
Haywood County,5095744.0,20101.1
Heard County,763072.0,3723.91
Hemphill County,244416.0,10447.67
Hempstead County,1378048.0,5698.53
Henderson County,17928128.0,35849.23
Hendricks County,10899904.0,4605.6900000000005
Hendry County,2689408.0,5278.2
Hennepin County,81013952.0,7777.66
Henrico County,21172352.0,9449.89
Henry County,33003075.0,75503.82
Herkimer County,3924416.0,7115.23
Hernando County,12410880.0,6621.27
Hertford County,1515328.0,7361.6
Hettinger County,157437.0,6562.67
Hickman County,1891712.0,12253.48
Hickory County,610816.0,6789.6
Hidalgo County,55865920.0,16792.55
Highland County,2902464.0,14412.87
Highlands County,6798144.0,6961.89
Hill County,3400512.0,10731.99
Hillsborough County,120895552.0,14690.84
Hillsdale County,2918720.0,6036.64
Hinds County,14837760.0,6782.25
Hinsdale County,52480.0,4024.35
Hitchcock County,176768.0,6299.86
Hocking County,1808896.0,8148.15
Hockley County,1473344.0,8566.07
Hodgeman County,114816.0,6131.53
Hoke County,3534976.0,9090.39
Holmes County,5157568.0,12058.81
Holt County,926080.0,13128.21
Honolulu County,62372032.0,10053.83
Hood County,3945152.0,3223.44
Hood River County,1496448.0,5688.150000000001
Hooker County,43648.0,3372.47
Hoonah-Angoon CA,90216.0,9869.55
Hoonah-Angoon Census Area,47256.0,13966.44
Hopewell City,1441856.0,9325.75
Hopkins County,5233280.0,14222.45
Hormigueros Muni,993152.0,22631.81
Horry County,22661184.0,7439.22
Hot Spring County,2161344.0,6718.76
Hot Springs County,282432.0,7840.41
Houghton County,2283776.0,5955.03
Houston County,20064896.0,33156.07
Howard County,30957056.0,43030.13
Howell County,2567488.0,6169.45
Hubbard County,1375424.0,6542.3
Hudson County,43033024.0,11002.69
Hudspeth County,312704.0,4666.42
Huerfano County,441408.0,5640.16
Hughes County,1971520.0,10489.51
Humacao Muni,3241792.0,20962.25
Humboldt County,10364608.0,17990.97
Humphreys County,1705344.0,12369.52
Hunt County,6310016.0,4505.35
Hunterdon County,7959744.0,8909.67
Huntingdon County,2889216.0,6016.32
Huntington County,2337280.0,8362.51
Huron County,5711808.0,12922.66
Hutchinson County,1806656.0,10464.11
Hyde County,399232.0,14696.3
Iberia Parish,4469120.0,7963.6
Iberville Parish,2080704.0,9187.63
Ida County,439040.0,5758.01
Idaho County,1066688.0,4457.99
Imperial County,11597760.0,15152.7
Independence County,2420800.0,6553.9
Indian River County,10235072.0,6884.55
Indiana County,5380672.0,6200.54
Ingham County,18713984.0,8171.15
Inyo County,1154496.0,9368.539999999999
Ionia County,4140608.0,6264.64
Iosco County,1608128.0,4182.84
Iowa County,2551168.0,14481.0
Iredell County,11635584.0,8029.41
Irion County,98304.0,11588.52
Iron County,5229888.0,26383.2
Iroquois County,1735296.0,6977.94
Irwin County,602624.0,4173.67
Isabela Muni,2587072.0,20908.920000000002
Isabella County,4471808.0,4247.79
Isanti County,2598144.0,4663.09
Island County,5449024.0,4839.0599999999995
Isle of Wight County,2374976.0,5737.110000000001
Issaquena County,84928.0,3466.5
Itasca County,2888320.0,6811.42
Itawamba County,1496960.0,8794.39
Izard County,872256.0,6669.6
Jack County,571840.0,2350.28
Jackson County,112109105.0,159649.93
Jackson Parish,1007616.0,8803.33
James City County,4897472.0,9335.76
Jasper County,19064896.0,49103.85
Jay County,1307904.0,6062.81
Jayuya Muni,889024.0,27787.77
Jeff Davis County,1112896.0,6495.69
Jefferson County,206247808.0,168454.78
Jefferson Davis County,712192.0,7216.08
Jefferson Davis Parish,2007552.0,4396.2
Jefferson Parish,27679552.0,7014.88
Jenkins County,555264.0,3699.88
Jennings County,1775040.0,5130.72
Jerauld County,128832.0,5315.46
Jerome County,1562368.0,8471.22
Jersey County,1393472.0,8354.36
Jessamine County,3463360.0,6541.63
Jewell County,184256.0,6634.22
Jim Hogg County,332800.0,27134.56
Jim Wells County,2590848.0,8398.8
Jo Daviess County,1359040.0,6348.0
Johnson County,79575700.0,78930.83
Johnston County,14107136.0,18335.74
Jones County,9466816.0,34335.22
Josephine County,5599168.0,6320.93
Juab County,769088.0,3686.45
Juana Díaz Muni,2859456.0,21484.37
Judith Basin County,128448.0,3587.53
Juncos Muni,2441920.0,19515.15
Juneau City and Borough,703428.0,8469.37
Juneau County,1707968.0,7587.99
Juneau Cty&Bor,1342908.0,4456.76
Juniata County,1584832.0,4474.42
Kalamazoo County,16964224.0,7276.68
Kalawao County,5504.0,0.0
Kalkaska County,1154432.0,6170.31
Kanabec County,1045568.0,5949.67
Kanawha County,11399936.0,7875.96
Kandiyohi County,2764736.0,6993.19
Kane County,34578496.0,12271.61
Kankakee County,7031168.0,7798.88
Karnes County,998464.0,6967.55
Kauai County,4626752.0,10806.03
Kaufman County,8713856.0,6233.37
Kay County,2786432.0,9146.06
Kearney County,415680.0,5234.83
Kearny County,245632.0,4455.58
Keith County,514176.0,4879.26
Kemper County,623488.0,4885.96
Kenai Peninsula Borough,3757312.0,9104.39
Kendall County,11290944.0,13475.13
Kenedy County,25856.0,7178.150000000001
Kennebec County,7827328.0,8981.84
Kenosha County,10851904.0,8280.19
Kent County,65421888.0,34010.81
Kenton County,10687872.0,5925.84
Keokuk County,655744.0,4636.0
Kern County,57612928.0,8877.11
Kerr County,3366400.0,3484.7599999999998
Kershaw County,4259264.0,10673.0
Ketchikan Gateway Borough,875763.0,10560.35
Kewaunee County,1307776.0,5324.5199999999995
Keweenaw County,135424.0,8317.63
Keya Paha County,51584.0,3225.8199999999997
Kidder County,158720.0,4596.79
Kimball County,232448.0,4240.05
Kimble County,277568.0,6525.21
King County,144195456.0,14042.3
King George County,1717504.0,7773.16
King William County,1097472.0,6735.46
King and Queen County,449600.0,5594.21
Kingfisher County,1008960.0,5994.28
Kingman County,457728.0,5774.58
Kings County,173621952.0,21061.77
Kingsbury County,316096.0,5993.179999999999
Kinney County,234688.0,3108.7799999999997
Kiowa County,805696.0,15061.14
Kit Carson County,454208.0,3762.1400000000003
Kitsap County,17374272.0,5482.31
Kittitas County,3067840.0,4881.57
Kittson County,275072.0,5909.73
Klamath County,4230756.0,6386.44
Kleberg County,1963520.0,8200.75
Klickitat County,1435200.0,4022.29
Knott County,947584.0,12177.47
Knox County,45171200.0,66163.78
Kodiak Island Borough,831872.0,8909.1
Koochiching County,782656.0,9330.28
Kootenai County,10604608.0,5573.42
Kosciusko County,5085184.0,4329.45
Kossuth County,948032.0,6825.070000000001
Kusilvak Census Area,532096.0,17260.03
La Crosse County,7553024.0,8739.46
La Paz County,1350912.0,5126.06
La Plata County,3598144.0,6006.7
La Salle County,481280.0,5531.98
LaGrange County,2535296.0,1961.39
LaMoure County,258944.0,5585.78
LaPorte County,7032832.0,6158.88
LaSalle County,6954816.0,8475.28
LaSalle Parish,953088.0,6493.55
Labette County,1255552.0,8155.79
Lac qui Parle County,423872.0,7836.3
Lackawanna County,13419136.0,8300.0
Laclede County,2286272.0,4938.01
Lafayette County,7580032.0,27037.94
Lafayette Parish,15640960.0,7770.8
Lafourche Parish,6247296.0,7982.46
Lajas Muni,1408640.0,22203.579999999998
Lake County,123660550.0,75412.09
Lake and Peninsula Borough,101888.0,18467.31
Lake of the Woods County,239360.0,5160.48
Lamar County,9349376.0,27833.4
Lamb County,825152.0,7880.25
Lamoille County,1623168.0,4932.59
Lampasas County,1371392.0,4545.43
Lancaster County,62299456.0,26762.14
Lander County,354048.0,4049.17
Lane County,24550528.0,12159.94
Langlade County,1228096.0,8801.91
Lanier County,667072.0,4490.07
Lapeer County,5606848.0,5253.0
Laramie County,6368000.0,6383.98
Lares Muni,1553664.0,33877.08
Larimer County,22841536.0,8331.23
Larue County,921472.0,6778.72
Las Animas County,928384.0,6859.25
Las Marías Muni,507328.0,24271.53
Las Piedras Muni,2368448.0,20874.38
Lassen County,1956672.0,6267.0199999999995
Latah County,2566912.0,2984.44
Latimer County,644672.0,5499.91
Lauderdale County,12319168.0,20046.99
Laurel County,3892032.0,9994.53
Laurens County,7362496.0,12893.88
Lavaca County,1289856.0,4217.51
Lawrence County,25062208.0,82305.38
Le Flore County,3190592.0,7217.19
Le Sueur County,1848768.0,4538.39
Lea County,4548480.0,5785.87
Leake County,1458304.0,5507.76
Leavenworth County,5232512.0,6812.78
Lebanon County,9074752.0,6985.52
Lee County,80177742.0,87302.05
Leelanau County,1392704.0,4595.37
Leflore County,1803712.0,4697.87
Lehigh County,23636352.0,6471.65
Lemhi County,513728.0,7287.94
Lenawee County,6300864.0,7475.81
Lenoir County,3580736.0,9031.46
Leon County,19903104.0,14162.41
Leslie County,632128.0,14670.45
Letcher County,1357839.0,12814.96
Levy County,2656192.0,6582.68
Lewis County,10372288.0,53248.36
Lewis and Clark County,4443648.0,7152.32
Lexington City,476544.0,8353.460000000001
Lexington County,19120000.0,9997.63
Liberty County,10262080.0,25014.21
Licking County,11319168.0,6980.05
Limestone County,7830528.0,13036.21
Lincoln County,39540864.0,142205.93
Lincoln Parish,2991488.0,8786.59
Linn County,24185072.0,27245.89
Lipscomb County,206912.0,6031.5
Litchfield County,11541312.0,5641.75
Little River County,784576.0,5962.96
Live Oak County,781248.0,2637.8
Livingston County,20158592.0,34536.23
Livingston Parish,9010496.0,7688.77
Llano County,1394880.0,6148.22
Logan County,14762246.0,74540.8
Long County,1251776.0,4059.5299999999997
Lonoke County,4691776.0,6408.48
Lorain County,19829312.0,8241.87
Los Alamos County,1239616.0,10465.15
Los Angeles County,642502848.0,9790.97
Loudon County,3460352.0,9120.0
Loudoun County,26466432.0,8261.85
Louisa County,3112064.0,13879.37
Loup County,42496.0,3915.64
Love County,656192.0,10416.51
Loving County,10816.0,147337.29
Lowndes County,11886528.0,20510.66
Loíza Muni,1571392.0,11367.26
Lubbock County,19876416.0,7134.35
Lucas County,27964672.0,14139.65
Luce County,398656.0,4880.4
Lumpkin County,2117430.0,5786.98
Luna County,1517376.0,6478.59
Lunenburg County,780544.0,9585.12
Luquillo Muni,1130560.0,17163.88
Luzerne County,20314688.0,7404.13
Lycoming County,7251136.0,6505.78
Lyman County,241984.0,6479.77
Lynchburg City,5258752.0,8037.179999999999
Lynn County,380864.0,5780.5199999999995
Lyon County,8713216.0,29317.45
Mackinac County,691136.0,6648.68
Macomb County,55934208.0,9469.05
Macon County,13478464.0,45840.96
Macoupin County,2875264.0,8253.52
Madera County,10068928.0,8747.42
Madison County,89896960.0,126025.12
Madison Parish,700864.0,6647.74
Magoffin County,766143.0,9530.51
Mahaska County,1414080.0,6358.94
Mahnomen County,353728.0,11163.37
Mahoning County,14635712.0,6901.25
Major County,488256.0,17970.9
Malheur County,1956544.0,5622.97
Manassas City,2629440.0,7922.59
Manassas Park City,1118592.0,12272.57
Manatee County,25808192.0,7357.89
Manatí Muni,2386368.0,19964.08
Manistee County,1571712.0,5501.25
Manitowoc County,5054784.0,6704.09
Marathon County,8684288.0,8533.31
Marengo County,1207232.0,5858.0
Maricao Muni,347520.0,20883.97
Maricopa County,287066496.0,6938.02
Maries County,556608.0,4852.24
Marin County,16564864.0,8193.58
Marinette County,2582400.0,8324.67
Marion County,132807462.0,117990.25
Mariposa County,1100992.0,7272.0
Marlboro County,1671552.0,8507.57
Marquette County,5265472.0,13878.539999999999
Marshall County,23427072.0,74454.42
Martin County,14742016.0,38822.23
Martinsville City,790902.0,13278.67
Mason County,10056384.0,44314.18
Massac County,881408.0,6585.84
Matagorda County,2345152.0,6426.88
Matanuska-Susitna Borough,6932288.0,6963.83
Mathews County,565376.0,7720.24
Maui County,10714688.0,8816.32
Maunabo Muni,660544.0,20782.88
Maury County,6168768.0,7261.34
Maverick County,3758208.0,6610.83
Mayagüez Muni,4577920.0,19814.04
Mayes County,2630400.0,8377.12
McClain County,2590336.0,8956.38
McCone County,106496.0,4567.33
McCook County,357504.0,3598.29
McCormick County,605632.0,5780.400000000001
McCracken County,4186752.0,6356.01
McCreary County,1102784.0,11920.4
McCulloch County,510976.0,9281.17
McCurtain County,2101248.0,5881.49
McDonald County,1461568.0,4777.35
McDonough County,1899648.0,7398.47
McDowell County,4056320.0,22982.46
McDuffie County,1363968.0,5475.79
McHenry County,20065216.0,13819.23
McIntosh County,2331647.0,22737.77
McKean County,2600000.0,4785.23
McKenzie County,961536.0,3188.23
McKinley County,4567488.0,12416.119999999999
McLean County,12171136.0,21740.05
McLennan County,16423872.0,7788.88
McLeod County,2297152.0,8121.38
McMinn County,3442816.0,6978.5
McMullen County,47552.0,3499.34
McNairy County,1618722.0,8838.6
McPherson County,2010560.0,15296.43
Meade County,3899968.0,16734.25
Meagher County,119168.0,10741.17
Mecklenburg County,73020352.0,15677.86
Mecosta County,2780992.0,4436.95
Medina County,14805120.0,11744.74
Meeker County,1486208.0,6536.97
Meigs County,2261056.0,16399.72
Mellette County,131904.0,7423.56
Menard County,917376.0,16946.32
Mendocino County,5551936.0,7519.42
Menifee County,415296.0,12051.13
Menominee County,1749504.0,20878.01
Merced County,17771520.0,8466.19
Mercer County,40061312.0,62642.39
Meriwether County,1354688.0,5640.87
Merrick County,496320.0,6434.42
Merrimack County,9689024.0,6449.51
Mesa County,9869440.0,6501.53
Metcalfe County,644544.0,7615.9400000000005
Miami County,11311360.0,17574.46
Miami-Dade County,173884160.0,13894.62
Middlesex County,167025856.0,33444.95
Midland County,16639232.0,13039.96
Mifflin County,2952832.0,6981.22
Milam County,1588672.0,4745.6
Millard County,844032.0,3571.46
Mille Lacs County,1681728.0,5674.19
Miller County,4774016.0,16626.49
Mills County,1278848.0,8609.44
Milwaukee County,60526464.0,8531.68
Miner County,141824.0,4106.59
Mineral County,2338496.0,40801.28
Mingo County,1499136.0,10621.6
Minidoka County,1346496.0,5561.09
Minnehaha County,12360576.0,4843.31
Missaukee County,967552.0,5040.29
Mississippi County,3404533.0,17985.5
Missoula County,7654400.0,6712.38
Mitchell County,3942105.0,29918.32
Mobile County,26445440.0,6070.26
Moca Muni,2233024.0,23584.86
Modoc County,565824.0,4863.64
Moffat County,850112.0,5593.68
Mohave County,13579584.0,5540.08
Moniteau County,1032448.0,4097.49
Monmouth County,39602880.0,10506.88
Mono County,924416.0,4043.24
Monona County,551360.0,4933.28
Monongalia County,6759168.0,7823.96
Monroe County,99248076.0,119213.3
Montague County,1268352.0,4359.7
Montcalm County,4088832.0,5301.5
Monterey County,27779904.0,8079.32
Montezuma County,1675712.0,6779.24
Montgomery County,243142797.0,120319.1
Montmorency County,596992.0,3634.11
Montour County,1166720.0,9023.55
Montrose County,2736512.0,4677.45
Moody County,420864.0,5170.2699999999995
Moore County,8211712.0,22251.96
Mora County,289344.0,5927.97
Morehouse Parish,1591936.0,8088.72
Morgan County,23809600.0,79208.01
Morovis Muni,1941440.0,17145.22
Morrill County,297088.0,6678.07
Morris County,32630592.0,20661.8
Morrison County,2136704.0,7233.62
Morrow County,3003584.0,9675.01
Morton County,2172864.0,12712.6
Motley County,76800.0,5166.62
Moultrie County,928064.0,6496.11
Mountrail County,674880.0,7510.66
Mower County,2563968.0,5938.26
Muhlenberg County,1959808.0,8611.49
Multnomah County,52022720.0,8014.71
Murray County,3991232.0,20443.72
Muscatine County,2730496.0,4408.88
Muscogee County,12529216.0,4568.65
Muskegon County,11108224.0,6004.68
Muskingum County,5517760.0,8301.369999999999
Muskogee County,4351808.0,7737.1
Musselshell County,296512.0,4662.14
Nacogdoches County,4173056.0,5275.75
Naguabo Muni,1648704.0,16983.01
Nance County,225216.0,5740.23
Nantucket County,729536.0,6228.61
Napa County,8815616.0,7800.69
Naranjito Muni,1750336.0,19872.72
Nash County,6035072.0,6938.61
Nassau County,92515136.0,18292.56
Natchitoches Parish,2442112.0,8142.45
Natrona County,5110912.0,5067.75
Navajo County,7099136.0,10912.86
Navarro County,3207232.0,5000.72
Nelson County,4098688.0,21467.99
Nemaha County,1100992.0,10834.23
Neosho County,1024448.0,6946.96
Neshoba County,1863552.0,8094.64
Ness County,176000.0,5490.84
Nevada County,6912448.0,13971.7
New Castle County,35760192.0,7939.99
New Hanover County,15006272.0,7175.24
New Haven County,54704448.0,7561.65
New Kent County,1477824.0,6790.5199999999995
New London County,16973184.0,7556.0
New Madrid County,1092864.0,7144.55
New York County,104237184.0,12383.4
Newaygo County,3134720.0,5302.12
Newberry County,2460160.0,9050.5
Newport County,5253248.0,8847.23
Newport News City,11470400.0,8185.26
Newton County,14485120.0,28210.95
Nez Perce County,2586112.0,4865.34
Niagara County,13393984.0,6539.56
Nicholas County,2032960.0,17827.54
Nicollet County,2193536.0,6529.72
Niobrara County,150784.0,9634.9
Noble County,4691136.0,17755.99
Nobles County,1384256.0,6519.01
Nodaway County,1413888.0,6767.17
Nolan County,941696.0,3839.86
Nome CA,420168.0,13304.7
Nome Census Area,220088.0,13264.69
Norfolk City,15535488.0,5580.39
Norfolk County,45233600.0,6612.85
Norman County,408000.0,5725.51
North Slope Borough,629248.0,11960.92
Northampton County,21534592.0,22974.68
Northumberland County,6588032.0,12306.05
Northwest Arctic Borough,487744.0,26269.52
Norton City,254784.0,14669.68
Norton County,343104.0,6304.81
Nottoway County,974848.0,12237.4
Nowata County,644864.0,5567.67
Noxubee County,666688.0,8284.57
Nuckolls County,265472.0,5810.06
Nueces County,23186816.0,6906.82
Nye County,2977472.0,5214.68
O'Brien County,880192.0,3737.3599999999997
Oakland County,80485376.0,8856.09
Obion County,1924416.0,10342.89
Ocean County,38859904.0,9723.05
Oceana County,1693888.0,6377.8
Ochiltree County,629504.0,6293.2
Oconee County,7668864.0,11283.27
Oconto County,2427520.0,5918.79
Ogemaw County,1343808.0,4276.81
Oglala Lakota County,907328.0,9578.89
Ogle County,3241152.0,7781.92
Oglethorpe County,976576.0,3899.3
Ohio County,4561920.0,19431.97
Okaloosa County,13487232.0,5453.74
Okanogan County,2703552.0,6285.0599999999995
Okeechobee County,2698752.0,4726.33
Okfuskee County,767552.0,6678.89
Oklahoma County,51035776.0,7263.04
Okmulgee County,2461760.0,6268.06
Oktibbeha County,3173568.0,5307.87
Oldham County,4410304.0,12466.24
Oliver County,125376.0,2807.6099999999997
Olmsted County,10130752.0,9179.18
Oneida County,17203008.0,20411.96
Onondaga County,29473792.0,8510.04
Onslow County,12668032.0,7731.75
Ontario County,7025728.0,6941.37
Ontonagon County,366080.0,7395.18
Orange County,337378880.0,60890.32
Orangeburg County,5515200.0,7647.21
Oregon County,673856.0,5138.22
Orleans County,4312896.0,13614.68
Orleans Parish,24969216.0,7330.66
Orocovis Muni,1294080.0,20454.98
Osage County,4897728.0,19070.2
Osborne County,218944.0,7863.14
Osceola County,25930816.0,18668.75
Oscoda County,527424.0,3543.2
Oswego County,7495936.0,9208.18
Otero County,5489152.0,12263.37
Otoe County,1024768.0,4908.83
Otsego County,5386304.0,12471.7
Ottawa County,23627904.0,26361.260000000002
Otter Tail County,3759744.0,6126.41
Ouachita County,1496448.0,6564.85
Ouachita Parish,9809856.0,10093.97
Ouray County,316928.0,5209.99
Outagamie County,12024640.0,6251.69
Overton County,1423424.0,7764.92
Owen County,2028800.0,11640.58
Owsley County,282560.0,10396.35
Owyhee County,756672.0,3975.24
Oxford County,3710400.0,8717.58
Ozark County,587136.0,4381.87
Ozaukee County,5710144.0,7244.92
Pacific County,1438144.0,6933.33
Page County,2496576.0,12835.74
Palm Beach County,95793280.0,7975.25
Palo Alto County,568704.0,7269.86
Palo Pinto County,1868096.0,3922.7
Pamlico County,814464.0,6883.56
Panola County,3672704.0,12555.789999999999
Park County,4137280.0,14186.41
Parke County,1083968.0,4817.88
Parker County,9144192.0,4928.74
Parmer County,614720.0,4955.7
Pasco County,35452608.0,7315.11
Pasquotank County,2548736.0,6932.98
Passaic County,32116864.0,10648.91
Patillas Muni,1037504.0,25131.04
Patrick County,1109304.0,9512.72
Paulding County,11989696.0,11234.1
Pawnee County,1625792.0,21290.97
Payette County,1532864.0,6546.7
Payne County,5234176.0,7151.75
Peach County,1762944.0,7060.9
Pearl River County,3554240.0,5151.69
Pecos County,1012672.0,6819.25
Pembina County,435264.0,7351.86
Pemiscot County,995715.0,6295.49
Pend Oreille County,878336.0,4044.04
Pender County,4035840.0,6427.1900000000005
Pendleton County,1379776.0,13118.539999999999
Pennington County,8185216.0,13278.36
Penobscot County,9737472.0,9998.82
Peoria County,11467456.0,8357.0
Pepin County,466368.0,5502.9800000000005
Perkins County,365519.0,8522.57
Perquimans County,861632.0,6989.5199999999995
Perry County,13235968.0,80254.48
Pershing County,430400.0,14661.74
Person County,2527360.0,7900.72
Petersburg Borough,71852.0,5450.09
Petersburg CA,133906.0,2480.13
Petersburg City,2006144.0,8020.11
Petroleum County,31168.0,2258.74
Pettis County,2709696.0,7914.7
Peñuelas Muni,1231936.0,20266.010000000002
Phelps County,3430848.0,14624.86
Philadelphia County,101380096.0,5771.92
Phillips County,1999040.0,22623.8
Piatt County,1046016.0,7984.58
Pickaway County,3741248.0,7097.51
Pickens County,11481920.0,21336.57
Pickett County,323072.0,9964.43
Pierce County,62612608.0,30025.27
Pike County,18546624.0,74320.98
Pima County,67025856.0,7346.06
Pinal County,29618496.0,6732.9
Pine County,1893056.0,6054.96
Pinellas County,62399744.0,7433.32
Pipestone County,584064.0,5358.34
Piscataquis County,1074240.0,8662.53
Pitkin County,1137088.0,7592.72
Pitt County,11567488.0,8413.62
Pittsburg County,2793856.0,8022.17
Pittsylvania County,3862656.0,10756.56
Piute County,94656.0,3786.2999999999997
Placer County,25493056.0,6091.68
Plaquemines Parish,1484608.0,6763.82
Platte County,9361984.0,15173.85
Pleasants County,477440.0,6970.45
Plumas County,1203648.0,7156.92
Plymouth County,34968256.0,9690.2
Pocahontas County,951424.0,15958.09
Poinsett County,1505792.0,10192.119999999999
Pointe Coupee Parish,1390720.0,10681.11
Polk County,100161152.0,74523.84
Ponce Muni,8440384.0,20193.19
Pondera County,378304.0,6242.65
Pontotoc County,4509312.0,22519.37
Pope County,5087872.0,22863.97
Poquoson City,785344.0,5745.28
Portage County,14927232.0,14840.2
Porter County,10904896.0,6387.76
Portsmouth City,6041472.0,6831.68
Posey County,1627328.0,5698.68
Pottawatomie County,6206400.0,16372.92
Pottawattamie County,5965184.0,4507.2
Potter County,8710016.0,18621.4
Powder River County,107648.0,5707.51
Powell County,1225046.0,18075.01
Power County,491584.0,3007.48
Poweshiek County,1184256.0,6474.32
Powhatan County,1897728.0,5733.18
Prairie County,584896.0,9197.6
Pratt County,586496.0,4212.05
Preble County,2616448.0,5975.72
Prentiss County,1608064.0,8314.16
Presidio County,429056.0,3923.0699999999997
Presque Isle County,805888.0,3017.77
Preston County,2139648.0,7307.36
Price County,854464.0,7093.03
Prince Edward County,1459328.0,10385.02
Prince George County,2454592.0,10053.960000000001
Prince George's County,58196928.0,6953.37
Prince William County,30101440.0,7616.46
Prince of Wales-Hyder CA,254323.0,3320.92
Prince of Wales-Hyder Census Area,136466.0,5287.74
Providence County,40891584.0,9626.41
Prowers County,779008.0,5340.13
Pueblo County,10779136.0,8959.54
Pulaski County,36630336.0,48051.25
Pushmataha County,710144.0,6669.1
Putnam County,26465728.0,54291.0
Quay County,528192.0,7924.41
Quebradillas Muni,1466752.0,25752.68
Queen Anne's County,3224384.0,3936.02
Queens County,144246912.0,12346.039999999999
Quitman County,581824.0,10731.4
Rabun County,1079631.0,3337.81
Racine County,12563904.0,8401.47
Radford City,1167936.0,9595.05
Rains County,800896.0,3843.72
Raleigh County,4695104.0,12642.97
Ralls County,659776.0,5752.16
Ramsey County,35957760.0,15158.050000000001
Randall County,8813632.0,2144.3
Randolph County,19264960.0,59178.59
Rankin County,9937344.0,6744.33
Ransom County,333952.0,9524.74
Rapides Parish,8297472.0,8449.0
Rappahannock County,471680.0,6797.84
Ravalli County,2803584.0,4348.7
Rawlins County,161920.0,5533.63
Ray County,1473152.0,5339.33
Reagan County,246336.0,4364.71
Real County,220928.0,6952.51
Red Lake County,259520.0,4364.92
Red River County,769472.0,5165.08
Red River Parish,540288.0,5780.67
Red Willow County,686336.0,5604.16
Redwood County,970880.0,6816.04
Reeves County,1022464.0,7079.400000000001
Refugio County,444672.0,8434.11
Reno County,3967872.0,7518.0199999999995
Rensselaer County,10157696.0,7572.74
Renville County,1080000.0,12874.52
Republic County,296704.0,5025.82
Reynolds County,401280.0,4433.8099999999995
Rhea County,2122688.0,6304.52
Rice County,4896576.0,11320.8
Rich County,158912.0,2053.94
Richardson County,503360.0,8378.84
Richland County,38186112.0,43133.83
Richland Parish,1287808.0,12946.02
Richmond City,14747904.0,8099.43
Richmond County,46880832.0,35346.9
Riley County,4750848.0,4626.04
Rincón Muni,873984.0,18036.03
Ringgold County,313216.0,5680.42
Rio Arriba County,2490944.0,10269.52
Rio Blanco County,404736.0,8538.88
Rio Grande County,721088.0,7925.799999999999
Ripley County,2663168.0,11191.26
Ritchie County,611456.0,8237.38
Riverside County,158114944.0,7098.53
Roane County,4292480.0,20094.69
Roanoke City,6345152.0,8330.39
Roanoke County,6027904.0,9687.23
Roberts County,719872.0,8907.2
Robertson County,5823680.0,20694.84
Robeson County,8360000.0,9680.4
Rock County,11137664.0,16224.93
Rock Island County,9080256.0,7601.55
Rockbridge County,1444672.0,9564.42
Rockcastle County,1068480.0,10386.44
Rockdale County,5817344.0,6352.3099999999995
Rockingham County,30894528.0,20093.87
Rockland County,20850496.0,9169.11
Rockwall County,6714560.0,5851.41
Roger Mills County,225729.0,7368.1900000000005
Rogers County,5917376.0,7699.63
Rolette County,907264.0,17755.36
Rooks County,314880.0,5508.23
Roosevelt County,1888256.0,16667.7
Roscommon County,1537216.0,4883.62
Roseau County,970560.0,5097.25
Rosebud County,571968.0,8112.39
Ross County,4906624.0,8355.72
Routt County,1640832.0,6205.64
Rowan County,10659072.0,20342.54
Runnels County,656896.0,5465.6900000000005
Rush County,1255488.0,13602.66
Rusk County,4389376.0,10587.07
Russell County,6996864.0,32624.09
Rutherford County,25556096.0,14262.14
Rutland County,3724224.0,10489.61
Río Grande Muni,3073600.0,16247.76
Sabana Grande Muni,1389568.0,21402.94
Sabine County,674688.0,3044.99
Sabine Parish,1528576.0,8097.44
Sac County,622144.0,5606.47
Sacramento County,99331712.0,7721.92
Sagadahoc County,2294784.0,7683.51
Saginaw County,12194496.0,6986.52
Saguache County,436736.0,5539.25
Salem City,1619264.0,7232.91
Salem County,3992640.0,7423.24
Salinas Muni,1736192.0,21634.47
Saline County,15176768.0,35428.22
Salt Lake County,74267968.0,6246.63
Saluda County,1310272.0,4093.2
Sampson County,4065984.0,8699.69
San Augustine County,527168.0,2415.87
San Benito County,4019712.0,9336.4
San Bernardino County,139525440.0,7986.23
San Diego County,213653120.0,8916.6
San Francisco County,56419136.0,9587.21
San Germán Muni,1934528.0,20733.13
San Jacinto County,1846976.0,5384.84
San Joaquin County,48777472.0,7575.34
San Juan County,10084864.0,41865.590000000004
San Juan Muni,20380224.0,15008.1
San Lorenzo Muni,2303296.0,19947.78
San Luis Obispo County,18119104.0,7376.97
San Mateo County,49060672.0,9645.79
San Miguel County,2269184.0,12656.43
San Patricio County,4270720.0,5751.55
San Saba County,387520.0,4558.32
San Sebastián Muni,2273792.0,24603.11
Sanborn County,150016.0,5204.73
Sanders County,775232.0,3046.39
Sandoval County,9391872.0,9085.64
Sandusky County,3745152.0,6874.8
Sangamon County,12459008.0,12207.19
Sanilac County,2634880.0,5304.88
Sanpete County,1980096.0,3290.36
Santa Barbara County,28575936.0,7369.55
Santa Clara County,123382528.0,9849.15
Santa Cruz County,20461504.0,17324.61
Santa Fe County,9622912.0,9074.35
Santa Isabel Muni,1357376.0,21754.85
Santa Rosa County,11796032.0,6282.81
Sarasota County,27759488.0,7947.85
Saratoga County,14711232.0,7809.849999999999
Sargent County,249472.0,8927.68
Sarpy County,11980544.0,6558.34
Sauk County,4124288.0,8826.56
Saunders County,1380992.0,4527.74
Sawyer County,1059712.0,9874.43
Schenectady County,9939136.0,7996.82
Schleicher County,178752.0,3150.66
Schley County,336448.0,5668.58
Schoharie County,1983936.0,5932.42
Schoolcraft County,518016.0,6819.82
Schuyler County,1871040.0,18201.76
Schuylkill County,9046976.0,6458.01
Scioto County,4820096.0,10733.78
Scotland County,2542400.0,12025.28
Scott County,34107264.0,88167.31
Scotts Bluff County,2279552.0,8518.22
Screven County,893824.0,4274.61
Scurry County,1068992.0,8220.08
Searcy County,504384.0,7131.04
Sebastian County,8180928.0,5684.23
Sedgwick County,33170560.0,10801.1
Seminole County,32267136.0,19796.88
Seneca County,5708416.0,12521.24
Sequatchie County,961664.0,7187.57
Sequoyah County,2660416.0,6485.6
Sevier County,8760128.0,19123.63
Seward County,2477568.0,12692.14
Shackelford County,208960.0,14854.579999999998
Shannon County,522624.0,4371.86
Sharkey County,276544.0,5230.28
Sharp County,1116288.0,7029.02
Shasta County,11525120.0,5156.03
Shawano County,2617536.0,7227.6
Shawnee County,11320000.0,7986.46
Sheboygan County,7381760.0,6787.78
Shelby County,87136192.0,65335.37
Shenandoah County,2791424.0,8398.27
Sherburne County,6223232.0,5614.09
Sheridan County,2744064.0,30247.579999999998
Sherman County,872163.0,18062.04
Shiawassee County,4359808.0,7351.51
Shoshone County,824448.0,5193.36
Sibley County,951360.0,6182.34
Sierra County,882944.0,7274.26
Silver Bow County,2234560.0,5922.95
Simpson County,2894720.0,15036.68
Sioux County,2576064.0,17942.68
Siskiyou County,2786496.0,5050.62
Sitka City and Borough,186846.0,9678.55
Sitka Cty&Bor,356706.0,6134.45
Skagit County,8269120.0,5500.54
Skagway Municipality,26026.0,10143.7
Skagway Muny,49686.0,1775.14
Skamania County,773312.0,2979.4
Slope County,47250.0,1866.64
Smith County,17434048.0,24664.72
Smyth County,1926656.0,13543.04
Snohomish County,52613312.0,7230.25
Snyder County,2583808.0,4676.49
Socorro County,1064768.0,6491.54
Solano County,28649152.0,9027.06
Somerset County,30622784.0,29733.79
Somervell County,584192.0,2070.61
Sonoma County,31637504.0,7683.83
Southampton County,1128384.0,7345.01
Southeast Fairbanks CA,289506.0,4120.09
Southeast Fairbanks Census Area,151646.0,3162.61
Spalding County,4268992.0,5641.46
Spartanburg County,20466240.0,7531.34
Spencer County,2536192.0,11652.05
Spink County,408064.0,5379.54
Spokane County,33459072.0,6659.55
Spotsylvania County,8717760.0,7176.14
St. Bernard Parish,3023616.0,7245.38
St. Charles County,25729408.0,7141.89
St. Charles Parish,3398400.0,6751.46
St. Clair County,33134272.0,30478.37
St. Croix County,5803968.0,8157.77
St. Francis County,1599616.0,6389.55
St. Francois County,4301760.0,8233.28
St. Helena Parish,648448.0,3691.34
St. James Parish,1350144.0,8077.36
St. John the Baptist Parish,2741568.0,6839.87
St. Johns County,16939008.0,6387.18
St. Joseph County,21298560.0,9988.81
St. Landry Parish,5255936.0,7816.2
St. Lawrence County,6895360.0,6291.07
St. Louis City,19236864.0,7367.21
St. Louis County,76369600.0,16038.24
St. Lucie County,21011008.0,7235.53
St. Martin Parish,3419584.0,5979.639999999999
St. Mary Parish,3158272.0,6257.59
St. Mary's County,7264640.0,5543.17
St. Tammany Parish,16666816.0,7865.77
Stafford County,10050432.0,15459.37
Stanislaus County,35242240.0,7049.01
Stanley County,198272.0,3583.02
Stanly County,4019584.0,8054.96
Stanton County,507264.0,9920.3
Stark County,26075968.0,21844.11
Starke County,1471680.0,4240.05
Starr County,4136512.0,9326.51
Staunton City,1595648.0,11078.15
Ste. Genevieve County,1145216.0,7298.57
Stearns County,10308800.0,7816.85
Steele County,2466496.0,9379.61
Stephens County,5019776.0,15716.93
Stephenson County,2847872.0,9106.06
Sterling County,82624.0,6971.38
Steuben County,8318272.0,12627.58
Stevens County,3904832.0,21876.49
Stewart County,1301504.0,21774.94
Stillwater County,617088.0,3049.17
Stoddard County,1857600.0,4472.02
Stokes County,2917824.0,10653.460000000001
Stone County,4018816.0,18983.13
Stonewall County,86400.0,6888.85
Storey County,263872.0,2207.09
Story County,6215488.0,4262.89
Strafford County,8360512.0,7965.07
Stutsman County,1325056.0,7273.98
Sublette County,629184.0,4445.1
Suffolk City,5894912.0,6825.7
Suffolk County,145952512.0,18382.78
Sullivan County,19824000.0,45425.6
Sully County,89024.0,1869.1399999999999
Summers County,804672.0,10101.050000000001
Summit County,39306816.0,18571.48
Sumner County,13703616.0,12277.19
Sumter County,17989888.0,28081.07
Sunflower County,1607040.0,5133.36
Surry County,5005120.0,17372.44
Susquehanna County,2580992.0,6781.89
Sussex County,24695808.0,24036.41
Sutter County,6206144.0,6951.59
Sutton County,241664.0,3283.91
Suwannee County,2842688.0,7274.23
Swain County,913344.0,11800.1
Sweet Grass County,239168.0,4522.4
Sweetwater County,2709952.0,3946.29
Swift County,593024.0,5320.5199999999995
Swisher County,473408.0,11220.76
Switzerland County,688064.0,3553.16
Talbot County,2776064.0,9142.96
Taliaferro County,98368.0,4879.6
Talladega County,5118592.0,8924.94
Tallahatchie County,883776.0,4989.4800000000005
Tallapoosa County,2583488.0,8739.84
Tama County,1078656.0,5476.5
Taney County,3579392.0,5580.33
Tangipahoa Parish,8624512.0,8257.02
Taos County,2094272.0,6619.19
Tarrant County,134560960.0,6616.07
Tate County,1812544.0,5151.67
Tattnall County,1618304.0,3594.8
Taylor County,15139264.0,52699.64
Tazewell County,11033472.0,19834.14
Tehama County,4165376.0,5780.22
Telfair County,1015040.0,3291.39
Teller County,1624832.0,4210.68
Tensas Parish,277376.0,8675.56
Terrebonne Parish,7069504.0,7627.99
Terrell County,595648.0,9856.12
Terry County,789568.0,5001.29
Teton County,2672192.0,18428.12
Texas County,2904384.0,10218.51
Thayer County,320192.0,5596.67
Thomas County,3336572.0,17220.77
Throckmorton County,96064.0,2198.46
Thurston County,19056640.0,15108.23
Tift County,2601216.0,6205.1
Tillamook County,1730304.0,5736.79
Tillman County,464000.0,4799.98
Tioga County,5682816.0,14465.5
Tippah County,1408960.0,7926.42
Tippecanoe County,12526848.0,6143.59
Tipton County,4911808.0,11446.63
Tishomingo County,1240512.0,8151.49
Titus County,2096000.0,6781.650000000001
Toa Alta Muni,4609600.0,15938.9
Toa Baja Muni,4753344.0,18151.1
Todd County,3016640.0,23332.84
Tolland County,9646144.0,4809.54
Tom Green County,7628800.0,9918.59
Tompkins County,6539520.0,9874.72
Tooele County,4624576.0,5436.02
Toole County,303104.0,4349.58
Toombs County,1717120.0,4640.32
Torrance County,989504.0,4993.2
Towner County,140096.0,6349.88
Towns County,758331.0,6654.5
Traill County,514304.0,5176.69
Transylvania County,2200640.0,7101.92
Traverse County,208576.0,7671.0
Travis County,81533056.0,6419.59
Treasure County,44544.0,2155.2000000000003
Trego County,179392.0,7313.599999999999
Trempealeau County,1897536.0,6246.46
Treutlen County,441664.0,3970.41
Trigg County,937664.0,10265.58
Trimble County,542144.0,5123.19
Trinity County,1723904.0,10927.41
Tripp County,348224.0,6836.99
Troup County,4475008.0,5114.2
Trousdale County,722176.0,5414.7300000000005
Trujillo Alto Muni,4075136.0,16727.39
Trumbull County,12670336.0,6315.95
Tucker County,437696.0,8743.93
Tulare County,29836480.0,8930.82
Tulsa County,41699328.0,7562.59
Tunica County,616448.0,5668.59
Tuolumne County,3486592.0,10250.0
Turner County,1047616.0,13281.51
Tuscaloosa County,13398720.0,8778.41
Tuscarawas County,5887168.0,6022.62
Tuscola County,3343680.0,5428.26
Twiggs County,519680.0,4458.14
Twin Falls County,5560192.0,10475.62
Tyler County,1936832.0,17165.93
Tyrrell County,257024.0,6648.33
Uinta County,1294464.0,4336.01
Uintah County,2286976.0,4701.41
Ulster County,11364672.0,7590.14
Umatilla County,4988800.0,6109.01
Unicoi County,1144512.0,10814.75
Union County,73690625.0,114255.81999999999
Union Parish,1414912.0,9797.39
United States Virgin Islands,5668468.0,6884.66
Upshur County,4219456.0,14975.88
Upson County,1684480.0,7819.13
Upton County,234048.0,4128.98
Utah County,40719040.0,4046.48
Utuado Muni,1753280.0,20197.11
Uvalde County,1711424.0,4165.93
Val Verde County,3137600.0,3555.39
Valdez-Cordova Census Area,588928.0,8965.42
Valencia County,4908032.0,8299.91
Valley County,1468544.0,19398.81
Van Buren County,6728832.0,26764.89
Van Wert County,1809600.0,6380.16
Van Zandt County,3621760.0,4854.24
Vance County,2850240.0,9662.02
Vanderburgh County,11612864.0,7868.24
Vega Alta Muni,2307904.0,18651.69
Vega Baja Muni,3201472.0,22081.82
Venango County,3242752.0,5824.19
Ventura County,54144384.0,7263.42
Vermilion County,4848512.0,10299.960000000001
Vermilion Parish,3808704.0,7544.82
Vermillion County,991872.0,6310.48
Vernon County,3288640.0,12159.17
Vernon Parish,3035456.0,4263.23
Victoria County,5893376.0,5630.72
Vieques Muni,536704.0,14738.8
Vigo County,6850432.0,6253.84
Vilas County,1420480.0,6587.1
Villalba Muni,1367808.0,23114.37
Vinton County,837440.0,6755.84
Virginia Beach City,28798336.0,6416.56
Volusia County,35410176.0,6579.4
Wabash County,2721024.0,16098.42
Wabasha County,1384128.0,6556.65
Wabaunsee County,443584.0,5814.49
Wadena County,875648.0,9223.81
Wagoner County,5202496.0,7475.78
Wahkiakum County,287232.0,3052.53
Wake County,71152704.0,9280.52
Wakulla County,2159296.0,7246.82
Waldo County,2541760.0,7508.46
Walker County,13200192.0,21904.85
Walla Walla County,3888640.0,7011.2
Wallace County,95634.0,4018.47
Waller County,3535744.0,4543.26
Wallowa County,461312.0,5410.64
Walsh County,681024.0,8486.08
Walthall County,914304.0,7657.89
Walton County,10794496.0,9921.1
Walworth County,6995392.0,11718.039999999999
Wapello County,2238016.0,4727.02
Ward County,5096896.0,10745.7
Ware County,2286976.0,5510.16
Warren County,53755584.0,96615.99
Warrick County,4031872.0,7785.92
Wasatch County,2181824.0,4722.66
Wasco County,1707648.0,7105.929999999999
Waseca County,1191168.0,5587.7699999999995
Washakie County,499520.0,6278.0
Washburn County,1006080.0,7569.95
Washington County,169045696.0,192253.29
Washington Parish,2956416.0,7723.98
Washita County,698624.0,7337.84
Washoe County,30177216.0,6003.38
Washtenaw County,23526464.0,10871.84
Watauga County,3595328.0,6993.94
Watonwan County,697408.0,5836.46
Waukesha County,25868672.0,7660.33
Waupaca County,3263360.0,6116.9
Waushara County,1564352.0,5903.52
Wayne County,151647360.0,114490.36
Waynesboro City,1448320.0,12788.28
Weakley County,2132992.0,7951.26
Webb County,17705728.0,7909.97
Weber County,16653632.0,6436.24
Webster County,7189440.0,46742.69
Webster Parish,2453760.0,10026.06
Weld County,20767488.0,6678.46
Wells County,2056320.0,10437.87
West Baton Rouge Parish,1693760.0,9676.88
West Carroll Parish,693120.0,12095.97
West Feliciana Parish,996352.0,3654.92
Westchester County,61920384.0,9668.9
Westmoreland County,23482496.0,13062.72
Weston County,443328.0,5543.59
Wetzel County,964160.0,9950.2
Wexford County,2152384.0,5536.52
Wharton County,2659584.0,7830.349999999999
Whatcom County,14442561.0,5462.27
Wheatland County,136064.0,4468.49
Wheeler County,961664.0,14748.32
White County,11139442.0,36183.1
White Pine County,613120.0,1471.86
Whiteside County,3531200.0,8666.94
Whitfield County,6696192.0,5991.67
Whitley County,4494592.0,15319.87
Whitman County,3206656.0,2987.8199999999997
Wibaux County,62016.0,4850.37
Wichita County,8598336.0,15783.93
Wicomico County,6630976.0,5618.24
Wilbarger County,817216.0,6836.84
Wilcox County,1216512.0,13835.55
Wilkes County,4994319.0,13152.45
Wilkin County,397248.0,6589.34
Wilkinson County,1125376.0,7032.67
Will County,44207552.0,8631.01
Willacy County,1366912.0,10801.6
Williams County,4753984.0,14536.63
Williamsburg City,957056.0,4627.55
Williamsburg County,1943552.0,6496.9800000000005
Williamson County,57315840.0,24708.13
Wilson County,18307392.0,28963.18
Winchester City,1796992.0,7240.57
Windham County,10176256.0,13764.300000000001
Windsor County,3523968.0,8188.99
Winkler County,512640.0,5443.18
Winn Parish,889856.0,9213.17
Winnebago County,29749312.0,22968.98
Winneshiek County,1279424.0,5432.47
Winona County,3230976.0,7903.47
Winston County,2661376.0,17443.66
Wirt County,372544.0,6373.54
Wise County,6871488.0,17239.51
Wolfe County,458048.0,15537.199999999999
Wood County,21303872.0,28668.24
Woodbury County,6598848.0,4916.25
Woodford County,4172352.0,15815.32
Woodruff County,404480.0,9905.09
Woods County,562752.0,5049.49
Woodson County,200832.0,8253.66
Woodward County,1293504.0,5546.5
Worcester County,56505472.0,11233.57
Worth County,1897024.0,17602.15
Wrangell City and Borough,55044.0,10831.33
Wrangell Cty&Bor,102582.0,3517.23
Wright County,10830592.0,16284.67
Wyandot County,1393408.0,6232.78
Wyandotte County,10587456.0,5432.53
Wyoming County,5571008.0,26883.34
Wythe County,1835776.0,9939.35
Yabucoa Muni,2066048.0,20240.39
Yadkin County,2410688.0,12135.26
Yakima County,16055872.0,5273.59
Yakutat City and Borough,12738.0,13966.44
Yakutat Cty&Bor,24318.0,9869.55
Yalobusha County,774912.0,6458.62
Yamhill County,6854400.0,5511.69
Yancey County,1156416.0,8495.19
Yankton County,1460096.0,5378.3
Yates County,1594432.0,5145.95
Yauco Muni,2148800.0,23654.46
Yavapai County,15046336.0,6013.68
Yazoo County,1900160.0,6928.25
Yell County,1365824.0,4278.12
Yellow Medicine County,621376.0,7580.66
Yellowstone County,10323200.0,7091.16
Yoakum County,557632.0,7758.49
Yolo County,14112000.0,7815.4
York County,65256768.0,38105.28
Young County,1152640.0,3869.9900000000002
Yuba County,5034752.0,7149.04
Yukon-Koyukuk CA,219660.0,4359.4
Yukon-Koyukuk Census Area,115060.0,5544.91
Yuma County,14323584.0,9532.83
Zapata County,907456.0,7821.43
Zavala County,757760.0,4831.11
Ziebach County,176384.0,7619.63
